ID,Original_Sample_ID,Dummy,Data Source,Sample Origins,Smoking,EGFR,KRAS,TP53,Stage
P1,LUNG_T09,,GSE131907,Primary,Former smoker,WT,na,na,Stage II
P2,LUNG_T08,,GSE131907,Primary,Never smoker,Mut,na,na,Stage I
P3,LX676,,GSE123904,Primary,Current\nsmoker,na,na,na,Stage I
P4,LX661,,GSE123904,Primary,Former smoker,WT,na,WT,Stage I
P5,LUNG_T25,,GSE131907,Primary,Former smoker,WT,na,na,Stage I
P6,LX682,,GSE123904,Primary,Former smoker,na,WT,na,Stage I
P7,LUNG_T06,,GSE131907,Primary,Former smoker,na,na,na,Stage I
P8,LUNG_T34,,GSE131907,Primary,Never smoker,WT,na,na,Stage I
P9,LUNG_T31,,GSE131907,Primary,Former smoker,WT,na,na,Stage III
P10,LX653,,GSE123904,Primary,Never smoker,WT,na,na,Stage I
P11,LUNG_T30,,GSE131907,Primary,Never smoker,Mut,na,na,Stage I
P12,LUNG_T19,,GSE131907,Primary,Current\nsmoker,Mut,na,na,Stage I
P13,LX675,,GSE123904,Primary,Never smoker,WT,na,na,Stage IV
P14,LX684,,GSE123904,Primary,Former smoker,na,WT,na,Stage I
P15,LUNG_T20,,GSE131907,Primary,Current\nsmoker,WT,na,na,Stage I
P16,LUNG_T18,,GSE131907,Primary,Former smoker,Mut,na,na,Stage I
P17,LUNG_T28,,GSE131907,Primary,Current\nsmoker,WT,na,na,Stage III
M1,NS_06,,GSE131907,Distant Metastasis,Former smoker,WT,na,na,Stage IV
M2,NS_16,,GSE131907,Distant Metastasis,Current\nsmoker,WT,na,na,Stage III
M3,NS_02,,GSE131907,Distant Metastasis,Never smoker,WT,na,na,Stage IV
M4,NS_19,,GSE131907,Distant Metastasis,Never smoker,na,na,na,Stage IV
M5,NS_17,,GSE131907,Distant Metastasis,Never smoker,na,na,na,Stage IV
M6,NS_04,,GSE131907,Distant Metastasis,Former smoker,WT,na,na,Stage IV
M7,NS_13,,GSE131907,Distant Metastasis,Former smoker,Mut,na,na,Stage IV
M8,NS_03,,GSE131907,Distant Metastasis,Never smoker,Mut,na,na,Stage IV
M9,NS_12,,GSE131907,Distant Metastasis,Never smoker,Mut,na,na,Stage IV
M10,NS_07,,GSE131907,Distant Metastasis,Never smoker,WT,na,na,Stage IV
C1,LX701,,GSE123904,Chemotherapy,Never smoker,WT,na,WT,Stage IV
C2,LX255B,,GSE123904,Chemotherapy,Former smoker,WT,na,WT,Stage IV
C3,LX681,,GSE123904,Chemotherapy,Former smoker,na,na,na,Stage IV
